<?xml version="1.0" encoding="utf-8"?>
<extension type="component" version="3.2" method="upgrade">
	<name>com_postinstall</name>
	<author>Joomla! Project</author>
	<creationDate>September 2013</creationDate>
	<copyright>(C) 2005 - 2014 Open Source Matters. All rights reserved.</copyright>
	<license>GNU General Public License version 2 or later; see	LICENSE.txt</license>
	<authorEmail>admin@joomla.org</authorEmail>
	<authorUrl>www.joomla.org</authorUrl>
	<version>3.2.0</version>
	<description>COM_POSTINSTALL_XML_DESCRIPTION</description>

	<administration>
		<files folder="admin">
			<filename>access.xml</filename>
			<filename>config.xml</filename>
			<filename>fof.xml</filename>
			<filename>postinstall.php</filename>
			<filename>toolbar.php</filename>
			<filename>index.html</filename>
			<folder>controllers</folder>
			<folder>models</folder>
			<folder>views</folder>
		</files>
		<languages folder="admin">
			<language tag="en-GB">language/en-GB.com_postinstall.ini</language>
			<language tag="en-GB">language/en-GB.com_postinstall.sys.ini</language>
		</languages>
	</administration>
</extension>
